{
  "0": {
    "precision": 0.6458333333333334,
    "recall": 0.7209302325581395,
    "f1-score": 0.6813186813186813,
    "support": 43.0
  },
  "1": {
    "precision": 0.71875,
    "recall": 0.5348837209302325,
    "f1-score": 0.6133333333333333,
    "support": 43.0
  },
  "2": {
    "precision": 0.6875,
    "recall": 0.7857142857142857,
    "f1-score": 0.7333333333333333,
    "support": 42.0
  },
  "accuracy": 0.6796875,
  "macro avg": {
    "precision": 0.6840277777777778,
    "recall": 0.6805094130675525,
    "f1-score": 0.675995115995116,
    "support": 128.0
  },
  "weighted avg": {
    "precision": 0.6840006510416667,
    "recall": 0.6796875,
    "f1-score": 0.6755471611721612,
    "support": 128.0
  }
}