{
  "0": {
    "precision": 1.0,
    "recall": 0.4883720930232558,
    "f1-score": 0.65625,
    "support": 43.0
  },
  "1": {
    "precision": 0.6666666666666666,
    "recall": 0.7906976744186046,
    "f1-score": 0.723404255319149,
    "support": 43.0
  },
  "2": {
    "precision": 0.75,
    "recall": 1.0,
    "f1-score": 0.8571428571428571,
    "support": 42.0
  },
  "accuracy": 0.7578125,
  "macro avg": {
    "precision": 0.8055555555555555,
    "recall": 0.7596899224806202,
    "f1-score": 0.7455990374873354,
    "support": 128.0
  },
  "weighted avg": {
    "precision": 0.8059895833333333,
    "recall": 0.7578125,
    "f1-score": 0.7447276013962766,
    "support": 128.0
  }
}