{
  "0": {
    "precision": 0.9523809523809523,
    "recall": 0.9302325581395349,
    "f1-score": 0.9411764705882353,
    "support": 43.0
  },
  "1": {
    "precision": 0.9111111111111111,
    "recall": 0.9534883720930233,
    "f1-score": 0.9318181818181818,
    "support": 43.0
  },
  "2": {
    "precision": 1.0,
    "recall": 0.9761904761904762,
    "f1-score": 0.9879518072289156,
    "support": 42.0
  },
  "accuracy": 0.953125,
  "macro avg": {
    "precision": 0.9544973544973545,
    "recall": 0.9533038021410114,
    "f1-score": 0.9536488198784442,
    "support": 128.0
  },
  "weighted avg": {
    "precision": 0.954141865079365,
    "recall": 0.953125,
    "f1-score": 0.9533808277897686,
    "support": 128.0
  }
}